{"__meta":{"schema_version":3,"schema_name":"DRFModelV3","schema_type":"DRFModel"},"model_id":{"__meta":{"schema_version":3,"schema_name":"ModelKeyV3","schema_type":"Key<Model>"},"name":"DRF_1_AutoML_1_20220428_141256","type":"Key<Model>","URL":"/3/Models/DRF_1_AutoML_1_20220428_141256"},"algo":"drf","algo_full_name":"Distributed Random Forest","response_column_name":"temperature","treatment_column_name":null,"data_frame":{"__meta":{"schema_version":3,"schema_name":"FrameKeyV3","schema_type":"Key<Frame>"},"name":"AutoML_1_20220428_141256_training_RTMPNA_8","type":"Key<Frame>","URL":"/3/Frames/AutoML_1_20220428_141256_training_RTMPNA_8"},"timestamp":1651151603500,"have_pojo":true,"have_mojo":true,"algo":"drf","algo_full_name":"Distributed Random Forest","model_id":{"__meta":{"schema_version":3,"schema_name":"ModelKeyV3","schema_type":"Key<Model>"},"name":"DRF_1_AutoML_1_20220428_141256","type":"Key<Model>","URL":"/3/Models/DRF_1_AutoML_1_20220428_141256"},"parameters":[{"__meta":{"schema_version":3,"schema_name":"ModelParameterSchemaV3","schema_type":"Iced"},"name":"model_id","label":"model_id","help":"Destination id for this model; auto-generated if not specified.","required":false,"type":"Key<Model>","default_value":null,"actual_value":{"__meta":{"schema_version":3,"schema_name":"ModelKeyV3","schema_type":"Key<Model>"},"name":"DRF_1_AutoML_1_20220428_141256","type":"Key<Model>","URL":"/3/Models/DRF_1_AutoML_1_20220428_141256"},"input_value":null,"level":"critical","values":[],"is_member_of_frames":[],"is_mutually_exclusive_with":[],"gridable":false},{"__meta":{"schema_version":3,"schema_name":"ModelParameterSchemaV3","schema_type":"Iced"},"name":"training_frame","label":"training_frame","help":"Id of the training data frame.","required":false,"type":"Key<Frame>","default_value":null,"actual_value":{"__meta":{"schema_version":3,"schema_name":"FrameKeyV3","schema_type":"Key<Frame>"},"name":"AutoML_1_20220428_141256_training_RTMPNA_8","type":"Key<Frame>","URL":"/3/Frames/AutoML_1_20220428_141256_training_RTMPNA_8"},"input_value":{"__meta":{"schema_version":3,"schema_name":"FrameKeyV3","schema_type":"Key<Frame>"},"name":"AutoML_1_20220428_141256_training_RTMPNA_8","type":"Key<Frame>","URL":"/3/Frames/AutoML_1_20220428_141256_training_RTMPNA_8"},"level":"critical","values":[],"is_member_of_frames":[],"is_mutually_exclusive_with":[],"gridable":false},{"__meta":{"schema_version":3,"schema_name":"ModelParameterSchemaV3","schema_type":"Iced"},"name":"validation_frame","label":"validation_frame","help":"Id of the validation data frame.","required":false,"type":"Key<Frame>","default_value":null,"actual_value":null,"input_value":null,"level":"critical","values":[],"is_member_of_frames":[],"is_mutually_exclusive_with":[],"gridable":true},{"__meta":{"schema_version":3,"schema_name":"ModelParameterSchemaV3","schema_type":"Iced"},"name":"nfolds","label":"nfolds","help":"Number of folds for K-fold cross-validation (0 to disable or >= 2).","required":false,"type":"int","default_value":0,"actual_value":10,"input_value":10,"level":"critical","values":[],"is_member_of_frames":[],"is_mutually_exclusive_with":[],"gridable":false},{"__meta":{"schema_version":3,"schema_name":"ModelParameterSchemaV3","schema_type":"Iced"},"name":"keep_cross_validation_models","label":"keep_cross_validation_models","help":"Whether to keep the cross-validation models.","required":false,"type":"boolean","default_value":true,"actual_value":true,"input_value":true,"level":"expert","values":[],"is_member_of_frames":[],"is_mutually_exclusive_with":[],"gridable":false},{"__meta":{"schema_version":3,"schema_name":"ModelParameterSchemaV3","schema_type":"Iced"},"name":"keep_cross_validation_predictions","label":"keep_cross_validation_predictions","help":"Whether to keep the predictions of the cross-validation models.","required":false,"type":"boolean","default_value":false,"actual_value":true,"input_value":true,"level":"expert","values":[],"is_member_of_frames":[],"is_mutually_exclusive_with":[],"gridable":false},{"__meta":{"schema_version":3,"schema_name":"ModelParameterSchemaV3","schema_type":"Iced"},"name":"keep_cross_validation_fold_assignment","label":"keep_cross_validation_fold_assignment","help":"Whether to keep the cross-validation fold assignment.","required":false,"type":"boolean","default_value":false,"actual_value":false,"input_value":false,"level":"expert","values":[],"is_member_of_frames":[],"is_mutually_exclusive_with":[],"gridable":false},{"__meta":{"schema_version":3,"schema_name":"ModelParameterSchemaV3","schema_type":"Iced"},"name":"score_each_iteration","label":"score_each_iteration","help":"Whether to score during each iteration of model training.","required":false,"type":"boolean","default_value":false,"actual_value":false,"input_value":false,"level":"secondary","values":[],"is_member_of_frames":[],"is_mutually_exclusive_with":[],"gridable":false},{"__meta":{"schema_version":3,"schema_name":"ModelParameterSchemaV3","schema_type":"Iced"},"name":"score_tree_interval","label":"score_tree_interval","help":"Score the model after every so many trees. Disabled if set to 0.","required":false,"type":"int","default_value":0,"actual_value":5,"input_value":5,"level":"secondary","values":[],"is_member_of_frames":[],"is_mutually_exclusive_with":[],"gridable":false},{"__meta":{"schema_version":3,"schema_name":"ModelParameterSchemaV3","schema_type":"Iced"},"name":"fold_assignment","label":"fold_assignment","help":"Cross-validation fold assignment scheme, if fold_column is not specified. The 'Stratified' option will stratify the folds based on the response variable, for classification problems.","required":false,"type":"enum","default_value":"AUTO","actual_value":"Modulo","input_value":"Modulo","level":"secondary","values":["AUTO","Random","Modulo","Stratified"],"is_member_of_frames":[],"is_mutually_exclusive_with":[],"gridable":true},{"__meta":{"schema_version":3,"schema_name":"ModelParameterSchemaV3","schema_type":"Iced"},"name":"fold_column","label":"fold_column","help":"Column with cross-validation fold index assignment per observation.","required":false,"type":"VecSpecifier","default_value":null,"actual_value":null,"input_value":null,"level":"secondary","values":[],"is_member_of_frames":["training_frame"],"is_mutually_exclusive_with":["response_column","weights_column","ignored_columns","offset_column"],"gridable":true},{"__meta":{"schema_version":3,"schema_name":"ModelParameterSchemaV3","schema_type":"Iced"},"name":"response_column","label":"response_column","help":"Response variable column.","required":false,"type":"VecSpecifier","default_value":null,"actual_value":{"__meta":{"schema_version":3,"schema_name":"ColSpecifierV3","schema_type":"VecSpecifier"},"column_name":"temperature","is_member_of_frames":null},"input_value":{"__meta":{"schema_version":3,"schema_name":"ColSpecifierV3","schema_type":"VecSpecifier"},"column_name":"temperature","is_member_of_frames":null},"level":"critical","values":[],"is_member_of_frames":["training_frame","validation_frame"],"is_mutually_exclusive_with":["weights_column","ignored_columns","offset_column","fold_column"],"gridable":true},{"__meta":{"schema_version":3,"schema_name":"ModelParameterSchemaV3","schema_type":"Iced"},"name":"ignored_columns","label":"ignored_columns","help":"Names of columns to ignore for training.","required":false,"type":"string[]","default_value":null,"actual_value":null,"input_value":null,"level":"critical","values":[],"is_member_of_frames":["training_frame","validation_frame"],"is_mutually_exclusive_with":["response_column","weights_column","offset_column","fold_column"],"gridable":false},{"__meta":{"schema_version":3,"schema_name":"ModelParameterSchemaV3","schema_type":"Iced"},"name":"ignore_const_cols","label":"ignore_const_cols","help":"Ignore constant columns.","required":false,"type":"boolean","default_value":true,"actual_value":true,"input_value":true,"level":"critical","values":[],"is_member_of_frames":[],"is_mutually_exclusive_with":[],"gridable":false},{"__meta":{"schema_version":3,"schema_name":"ModelParameterSchemaV3","schema_type":"Iced"},"name":"offset_column","label":"offset_column","help":"Offset column. This will be added to the combination of columns before applying the link function.","required":false,"type":"VecSpecifier","default_value":null,"actual_value":null,"input_value":null,"level":"secondary","values":[],"is_member_of_frames":["training_frame","validation_frame"],"is_mutually_exclusive_with":["response_column","weights_column","ignored_columns","fold_column"],"gridable":true},{"__meta":{"schema_version":3,"schema_name":"ModelParameterSchemaV3","schema_type":"Iced"},"name":"weights_column","label":"weights_column","help":"Column with observation weights. Giving some observation a weight of zero is equivalent to excluding it from the dataset; giving an observation a relative weight of 2 is equivalent to repeating that row twice. Negative weights are not allowed. Note: Weights are per-row observation weights and do not increase the size of the data frame. This is typically the number of times a row is repeated, but non-integer values are supported as well. During training, rows with higher weights matter more, due to the larger loss function pre-factor. If you set weight = 0 for a row, the returned prediction frame at that row is zero and this is incorrect. To get an accurate prediction, remove all rows with weight == 0.","required":false,"type":"VecSpecifier","default_value":null,"actual_value":null,"input_value":null,"level":"secondary","values":[],"is_member_of_frames":["training_frame","validation_frame"],"is_mutually_exclusive_with":["response_column","ignored_columns","offset_column","fold_column"],"gridable":true},{"__meta":{"schema_version":3,"schema_name":"ModelParameterSchemaV3","schema_type":"Iced"},"name":"balance_classes","label":"balance_classes","help":"Balance training data class counts via over/under-sampling (for imbalanced data).","required":false,"type":"boolean","default_value":false,"actual_value":false,"input_value":false,"level":"secondary","values":[],"is_member_of_frames":[],"is_mutually_exclusive_with":[],"gridable":true},{"__meta":{"schema_version":3,"schema_name":"ModelParameterSchemaV3","schema_type":"Iced"},"name":"class_sampling_factors","label":"class_sampling_factors","help":"Desired over/under-sampling ratios per class (in lexicographic order). If not specified, sampling factors will be automatically computed to obtain class balance during training. Requires balance_classes.","required":false,"type":"float[]","default_value":null,"actual_value":null,"input_value":null,"level":"expert","values":[],"is_member_of_frames":[],"is_mutually_exclusive_with":[],"gridable":true},{"__meta":{"schema_version":3,"schema_name":"ModelParameterSchemaV3","schema_type":"Iced"},"name":"max_after_balance_size","label":"max_after_balance_size","help":"Maximum relative size of the training data after balancing class counts (can be less than 1.0). Requires balance_classes.","required":false,"type":"float","default_value":5.0,"actual_value":5.0,"input_value":5.0,"level":"expert","values":[],"is_member_of_frames":[],"is_mutually_exclusive_with":[],"gridable":true},{"__meta":{"schema_version":3,"schema_name":"ModelParameterSchemaV3","schema_type":"Iced"},"name":"max_confusion_matrix_size","label":"max_confusion_matrix_size","help":"[Deprecated] Maximum size (# classes) for confusion matrices to be printed in the Logs","required":false,"type":"int","default_value":20,"actual_value":20,"input_value":20,"level":"secondary","values":[],"is_member_of_frames":[],"is_mutually_exclusive_with":[],"gridable":false},{"__meta":{"schema_version":3,"schema_name":"ModelParameterSchemaV3","schema_type":"Iced"},"name":"ntrees","label":"ntrees","help":"Number of trees.","required":false,"type":"int","default_value":50,"actual_value":40,"input_value":50,"level":"critical","values":[],"is_member_of_frames":[],"is_mutually_exclusive_with":[],"gridable":true},{"__meta":{"schema_version":3,"schema_name":"ModelParameterSchemaV3","schema_type":"Iced"},"name":"max_depth","label":"max_depth","help":"Maximum tree depth (0 for unlimited).","required":false,"type":"int","default_value":20,"actual_value":20,"input_value":20,"level":"critical","values":[],"is_member_of_frames":[],"is_mutually_exclusive_with":[],"gridable":true},{"__meta":{"schema_version":3,"schema_name":"ModelParameterSchemaV3","schema_type":"Iced"},"name":"min_rows","label":"min_rows","help":"Fewest allowed (weighted) observations in a leaf.","required":false,"type":"double","default_value":1.0,"actual_value":1.0,"input_value":1.0,"level":"critical","values":[],"is_member_of_frames":[],"is_mutually_exclusive_with":[],"gridable":true},{"__meta":{"schema_version":3,"schema_name":"ModelParameterSchemaV3","schema_type":"Iced"},"name":"nbins","label":"nbins","help":"For numerical columns (real/int), build a histogram of (at least) this many bins, then split at the best point","required":false,"type":"int","default_value":20,"actual_value":20,"input_value":20,"level":"critical","values":[],"is_member_of_frames":[],"is_mutually_exclusive_with":[],"gridable":true},{"__meta":{"schema_version":3,"schema_name":"ModelParameterSchemaV3","schema_type":"Iced"},"name":"nbins_top_level","label":"nbins_top_level","help":"For numerical columns (real/int), build a histogram of (at most) this many bins at the root level, then decrease by factor of two per level","required":false,"type":"int","default_value":1024,"actual_value":1024,"input_value":1024,"level":"secondary","values":[],"is_member_of_frames":[],"is_mutually_exclusive_with":[],"gridable":true},{"__meta":{"schema_version":3,"schema_name":"ModelParameterSchemaV3","schema_type":"Iced"},"name":"nbins_cats","label":"nbins_cats","help":"For categorical columns (factors), build a histogram of this many bins, then split at the best point. Higher values can lead to more overfitting.","required":false,"type":"int","default_value":1024,"actual_value":1024,"input_value":1024,"level":"secondary","values":[],"is_member_of_frames":[],"is_mutually_exclusive_with":[],"gridable":true},{"__meta":{"schema_version":3,"schema_name":"ModelParameterSchemaV3","schema_type":"Iced"},"name":"r2_stopping","label":"r2_stopping","help":"r2_stopping is no longer supported and will be ignored if set - please use stopping_rounds, stopping_metric and stopping_tolerance instead. Previous version of H2O would stop making trees when the R^2 metric equals or exceeds this","required":false,"type":"double","default_value":1.7976931348623157E308,"actual_value":1.7976931348623157E308,"input_value":1.7976931348623157E308,"level":"secondary","values":[],"is_member_of_frames":[],"is_mutually_exclusive_with":[],"gridable":true},{"__meta":{"schema_version":3,"schema_name":"ModelParameterSchemaV3","schema_type":"Iced"},"name":"stopping_rounds","label":"stopping_rounds","help":"Early stopping based on convergence of stopping_metric. Stop if simple moving average of length k of the stopping_metric does not improve for k:=stopping_rounds scoring events (0 to disable)","required":false,"type":"int","default_value":0,"actual_value":0,"input_value":3,"level":"secondary","values":[],"is_member_of_frames":[],"is_mutually_exclusive_with":[],"gridable":true},{"__meta":{"schema_version":3,"schema_name":"ModelParameterSchemaV3","schema_type":"Iced"},"name":"stopping_metric","label":"stopping_metric","help":"Metric to use for early stopping (AUTO: logloss for classification, deviance for regression and anonomaly_score for Isolation Forest). Note that custom and custom_increasing can only be used in GBM and DRF with the Python client.","required":false,"type":"enum","default_value":"AUTO","actual_value":"deviance","input_value":"deviance","level":"secondary","values":["AUTO","deviance","logloss","MSE","RMSE","MAE","RMSLE","AUC","AUCPR","lift_top_group","misclassification","mean_per_class_error","anomaly_score","custom","custom_increasing"],"is_member_of_frames":[],"is_mutually_exclusive_with":[],"gridable":true},{"__meta":{"schema_version":3,"schema_name":"ModelParameterSchemaV3","schema_type":"Iced"},"name":"stopping_tolerance","label":"stopping_tolerance","help":"Relative tolerance for metric-based stopping criterion (stop if relative improvement is not at least this much)","required":false,"type":"double","default_value":0.001,"actual_value":0.03479445003196105,"input_value":0.03479445003196105,"level":"secondary","values":[],"is_member_of_frames":[],"is_mutually_exclusive_with":[],"gridable":true},{"__meta":{"schema_version":3,"schema_name":"ModelParameterSchemaV3","schema_type":"Iced"},"name":"max_runtime_secs","label":"max_runtime_secs","help":"Maximum allowed runtime in seconds for model training. Use 0 to disable.","required":false,"type":"double","default_value":0.0,"actual_value":0.0,"input_value":28.52818359375,"level":"secondary","values":[],"is_member_of_frames":[],"is_mutually_exclusive_with":[],"gridable":true},{"__meta":{"schema_version":3,"schema_name":"ModelParameterSchemaV3","schema_type":"Iced"},"name":"seed","label":"seed","help":"Seed for pseudo random number generator (if applicable)","required":false,"type":"long","default_value":-1,"actual_value":1304988994308030303,"input_value":-1,"level":"critical","values":[],"is_member_of_frames":[],"is_mutually_exclusive_with":[],"gridable":true},{"__meta":{"schema_version":3,"schema_name":"ModelParameterSchemaV3","schema_type":"Iced"},"name":"build_tree_one_node","label":"build_tree_one_node","help":"Run on one node only; no network overhead but fewer cpus used. Suitable for small datasets.","required":false,"type":"boolean","default_value":false,"actual_value":false,"input_value":false,"level":"expert","values":[],"is_member_of_frames":[],"is_mutually_exclusive_with":[],"gridable":false},{"__meta":{"schema_version":3,"schema_name":"ModelParameterSchemaV3","schema_type":"Iced"},"name":"mtries","label":"mtries","help":"Number of variables randomly sampled as candidates at each split. If set to -1, defaults to sqrt{p} for classification and p/3 for regression (where p is the # of predictors","required":false,"type":"int","default_value":-1,"actual_value":-1,"input_value":-1,"level":"critical","values":[],"is_member_of_frames":[],"is_mutually_exclusive_with":[],"gridable":true},{"__meta":{"schema_version":3,"schema_name":"ModelParameterSchemaV3","schema_type":"Iced"},"name":"sample_rate","label":"sample_rate","help":"Row sample rate per tree (from 0.0 to 1.0)","required":false,"type":"double","default_value":0.632,"actual_value":0.632,"input_value":0.632,"level":"critical","values":[],"is_member_of_frames":[],"is_mutually_exclusive_with":[],"gridable":true},{"__meta":{"schema_version":3,"schema_name":"ModelParameterSchemaV3","schema_type":"Iced"},"name":"sample_rate_per_class","label":"sample_rate_per_class","help":"A list of row sample rates per class (relative fraction for each class, from 0.0 to 1.0), for each tree","required":false,"type":"double[]","default_value":null,"actual_value":null,"input_value":null,"level":"expert","values":[],"is_member_of_frames":[],"is_mutually_exclusive_with":[],"gridable":true},{"__meta":{"schema_version":3,"schema_name":"ModelParameterSchemaV3","schema_type":"Iced"},"name":"binomial_double_trees","label":"binomial_double_trees","help":"For binary classification: Build 2x as many trees (one per class) - can lead to higher accuracy.","required":false,"type":"boolean","default_value":false,"actual_value":false,"input_value":false,"level":"expert","values":[],"is_member_of_frames":[],"is_mutually_exclusive_with":[],"gridable":false},{"__meta":{"schema_version":3,"schema_name":"ModelParameterSchemaV3","schema_type":"Iced"},"name":"checkpoint","label":"checkpoint","help":"Model checkpoint to resume training with.","required":false,"type":"Key<Model>","default_value":null,"actual_value":null,"input_value":null,"level":"secondary","values":[],"is_member_of_frames":[],"is_mutually_exclusive_with":[],"gridable":false},{"__meta":{"schema_version":3,"schema_name":"ModelParameterSchemaV3","schema_type":"Iced"},"name":"col_sample_rate_change_per_level","label":"col_sample_rate_change_per_level","help":"Relative change of the column sampling rate for every level (must be > 0.0 and <= 2.0)","required":false,"type":"double","default_value":1.0,"actual_value":1.0,"input_value":1.0,"level":"expert","values":[],"is_member_of_frames":[],"is_mutually_exclusive_with":[],"gridable":true},{"__meta":{"schema_version":3,"schema_name":"ModelParameterSchemaV3","schema_type":"Iced"},"name":"col_sample_rate_per_tree","label":"col_sample_rate_per_tree","help":"Column sample rate per tree (from 0.0 to 1.0)","required":false,"type":"double","default_value":1.0,"actual_value":1.0,"input_value":1.0,"level":"secondary","values":[],"is_member_of_frames":[],"is_mutually_exclusive_with":[],"gridable":true},{"__meta":{"schema_version":3,"schema_name":"ModelParameterSchemaV3","schema_type":"Iced"},"name":"min_split_improvement","label":"min_split_improvement","help":"Minimum relative improvement in squared error reduction for a split to happen","required":false,"type":"double","default_value":1.0E-5,"actual_value":1.0E-5,"input_value":1.0E-5,"level":"secondary","values":[],"is_member_of_frames":[],"is_mutually_exclusive_with":[],"gridable":true},{"__meta":{"schema_version":3,"schema_name":"ModelParameterSchemaV3","schema_type":"Iced"},"name":"histogram_type","label":"histogram_type","help":"What type of histogram to use for finding optimal split points","required":false,"type":"enum","default_value":"AUTO","actual_value":"UniformAdaptive","input_value":"AUTO","level":"secondary","values":["AUTO","UniformAdaptive","Random","QuantilesGlobal","RoundRobin"],"is_member_of_frames":[],"is_mutually_exclusive_with":[],"gridable":true},{"__meta":{"schema_version":3,"schema_name":"ModelParameterSchemaV3","schema_type":"Iced"},"name":"categorical_encoding","label":"categorical_encoding","help":"Encoding scheme for categorical features","required":false,"type":"enum","default_value":"AUTO","actual_value":"Enum","input_value":"AUTO","level":"secondary","values":["AUTO","Enum","OneHotInternal","OneHotExplicit","Binary","Eigen","LabelEncoder","SortByResponse","EnumLimited"],"is_member_of_frames":[],"is_mutually_exclusive_with":[],"gridable":true},{"__meta":{"schema_version":3,"schema_name":"ModelParameterSchemaV3","schema_type":"Iced"},"name":"calibrate_model","label":"calibrate_model","help":"Use Platt Scaling to calculate calibrated class probabilities. Calibration can provide more accurate estimates of class probabilities.","required":false,"type":"boolean","default_value":false,"actual_value":false,"input_value":false,"level":"expert","values":[],"is_member_of_frames":[],"is_mutually_exclusive_with":[],"gridable":false},{"__meta":{"schema_version":3,"schema_name":"ModelParameterSchemaV3","schema_type":"Iced"},"name":"calibration_frame","label":"calibration_frame","help":"Calibration frame for Platt Scaling","required":false,"type":"Key<Frame>","default_value":null,"actual_value":null,"input_value":null,"level":"expert","values":[],"is_member_of_frames":[],"is_mutually_exclusive_with":[],"gridable":false},{"__meta":{"schema_version":3,"schema_name":"ModelParameterSchemaV3","schema_type":"Iced"},"name":"distribution","label":"distribution","help":"Distribution function","required":false,"type":"enum","default_value":"AUTO","actual_value":"gaussian","input_value":"gaussian","level":"secondary","values":["AUTO","bernoulli","quasibinomial","ordinal","multinomial","gaussian","poisson","gamma","tweedie","laplace","quantile","huber","custom"],"is_member_of_frames":[],"is_mutually_exclusive_with":[],"gridable":true},{"__meta":{"schema_version":3,"schema_name":"ModelParameterSchemaV3","schema_type":"Iced"},"name":"custom_metric_func","label":"custom_metric_func","help":"Reference to custom evaluation function, format: `language:keyName=funcName`","required":false,"type":"string","default_value":null,"actual_value":null,"input_value":null,"level":"secondary","values":[],"is_member_of_frames":[],"is_mutually_exclusive_with":[],"gridable":false},{"__meta":{"schema_version":3,"schema_name":"ModelParameterSchemaV3","schema_type":"Iced"},"name":"export_checkpoints_dir","label":"export_checkpoints_dir","help":"Automatically export generated models to this directory.","required":false,"type":"string","default_value":null,"actual_value":null,"input_value":null,"level":"secondary","values":[],"is_member_of_frames":[],"is_mutually_exclusive_with":[],"gridable":false},{"__meta":{"schema_version":3,"schema_name":"ModelParameterSchemaV3","schema_type":"Iced"},"name":"check_constant_response","label":"check_constant_response","help":"Check if response column is constant. If enabled, then an exception is thrown if the response column is a constant value.If disabled, then model will train regardless of the response column being a constant value or not.","required":false,"type":"boolean","default_value":true,"actual_value":true,"input_value":true,"level":"expert","values":[],"is_member_of_frames":[],"is_mutually_exclusive_with":[],"gridable":false},{"__meta":{"schema_version":3,"schema_name":"ModelParameterSchemaV3","schema_type":"Iced"},"name":"gainslift_bins","label":"gainslift_bins","help":"Gains/Lift table number of bins. 0 means disabled.. Default value -1 means automatic binning.","required":false,"type":"int","default_value":-1,"actual_value":-1,"input_value":-1,"level":"secondary","values":[],"is_member_of_frames":[],"is_mutually_exclusive_with":[],"gridable":false},{"__meta":{"schema_version":3,"schema_name":"ModelParameterSchemaV3","schema_type":"Iced"},"name":"auc_type","label":"auc_type","help":"Set default multinomial AUC type.","required":false,"type":"enum","default_value":"AUTO","actual_value":"AUTO","input_value":"AUTO","level":"secondary","values":["AUTO","NONE","MACRO_OVR","WEIGHTED_OVR","MACRO_OVO","WEIGHTED_OVO"],"is_member_of_frames":[],"is_mutually_exclusive_with":[],"gridable":true}],"output":{"__meta":{"schema_version":3,"schema_name":"DRFModelOutputV3","schema_type":"DRFOutput"},"names":["prochloraceae","prochlorococcus_marinus","code_MONS","lon","lat","prokaryote_c01_darwin_clim","sample_method_underway","section_id_I09N","fe_t_darwin_clim","section_id_I07N","depth","myoviridae","code_WTRA","species_number","section_id_C13.5.A13.5","code_NASW","family_number","code_SATL","section_id_AMT28","pelagibacteraceae","no3_darwin_clim","sample_method_CTD","section_id_P18","dop_darwin_clim","flavobacteriaceae","po4_darwin_clim","temperature"],"original_names":null,"column_types":["Numeric","Numeric","Numeric","Numeric","Numeric","Numeric","Numeric","Numeric","Numeric","Numeric","Numeric","Numeric","Numeric","Numeric","Numeric","Numeric","Numeric","Numeric","Numeric","Numeric","Numeric","Numeric","Numeric","Numeric","Numeric","Numeric","Numeric"],"domains":[null,null,null,null,null,null,null,null,null,null,null,null,null,null,null,null,null,null,null,null,null,null,null,null,null,null,null],"cross_validation_models":[{"__meta":{"schema_version":3,"schema_name":"ModelKeyV3","schema_type":"Key<Model>"},"name":"DRF_1_AutoML_1_20220428_141256_cv_1","type":"Key<Model>","URL":"/3/Models/DRF_1_AutoML_1_20220428_141256_cv_1"},{"__meta":{"schema_version":3,"schema_name":"ModelKeyV3","schema_type":"Key<Model>"},"name":"DRF_1_AutoML_1_20220428_141256_cv_2","type":"Key<Model>","URL":"/3/Models/DRF_1_AutoML_1_20220428_141256_cv_2"},{"__meta":{"schema_version":3,"schema_name":"ModelKeyV3","schema_type":"Key<Model>"},"name":"DRF_1_AutoML_1_20220428_141256_cv_3","type":"Key<Model>","URL":"/3/Models/DRF_1_AutoML_1_20220428_141256_cv_3"},{"__meta":{"schema_version":3,"schema_name":"ModelKeyV3","schema_type":"Key<Model>"},"name":"DRF_1_AutoML_1_20220428_141256_cv_4","type":"Key<Model>","URL":"/3/Models/DRF_1_AutoML_1_20220428_141256_cv_4"},{"__meta":{"schema_version":3,"schema_name":"ModelKeyV3","schema_type":"Key<Model>"},"name":"DRF_1_AutoML_1_20220428_141256_cv_5","type":"Key<Model>","URL":"/3/Models/DRF_1_AutoML_1_20220428_141256_cv_5"},{"__meta":{"schema_version":3,"schema_name":"ModelKeyV3","schema_type":"Key<Model>"},"name":"DRF_1_AutoML_1_20220428_141256_cv_6","type":"Key<Model>","URL":"/3/Models/DRF_1_AutoML_1_20220428_141256_cv_6"},{"__meta":{"schema_version":3,"schema_name":"ModelKeyV3","schema_type":"Key<Model>"},"name":"DRF_1_AutoML_1_20220428_141256_cv_7","type":"Key<Model>","URL":"/3/Models/DRF_1_AutoML_1_20220428_141256_cv_7"},{"__meta":{"schema_version":3,"schema_name":"ModelKeyV3","schema_type":"Key<Model>"},"name":"DRF_1_AutoML_1_20220428_141256_cv_8","type":"Key<Model>","URL":"/3/Models/DRF_1_AutoML_1_20220428_141256_cv_8"},{"__meta":{"schema_version":3,"schema_name":"ModelKeyV3","schema_type":"Key<Model>"},"name":"DRF_1_AutoML_1_20220428_141256_cv_9","type":"Key<Model>","URL":"/3/Models/DRF_1_AutoML_1_20220428_141256_cv_9"},{"__meta":{"schema_version":3,"schema_name":"ModelKeyV3","schema_type":"Key<Model>"},"name":"DRF_1_AutoML_1_20220428_141256_cv_10","type":"Key<Model>","URL":"/3/Models/DRF_1_AutoML_1_20220428_141256_cv_10"}],"cross_validation_predictions":[{"__meta":{"schema_version":3,"schema_name":"FrameKeyV3","schema_type":"Key<Frame>"},"name":"prediction_DRF_1_AutoML_1_20220428_141256_cv_1","type":"Key<Frame>","URL":"/3/Frames/prediction_DRF_1_AutoML_1_20220428_141256_cv_1"},{"__meta":{"schema_version":3,"schema_name":"FrameKeyV3","schema_type":"Key<Frame>"},"name":"prediction_DRF_1_AutoML_1_20220428_141256_cv_2","type":"Key<Frame>","URL":"/3/Frames/prediction_DRF_1_AutoML_1_20220428_141256_cv_2"},{"__meta":{"schema_version":3,"schema_name":"FrameKeyV3","schema_type":"Key<Frame>"},"name":"prediction_DRF_1_AutoML_1_20220428_141256_cv_3","type":"Key<Frame>","URL":"/3/Frames/prediction_DRF_1_AutoML_1_20220428_141256_cv_3"},{"__meta":{"schema_version":3,"schema_name":"FrameKeyV3","schema_type":"Key<Frame>"},"name":"prediction_DRF_1_AutoML_1_20220428_141256_cv_4","type":"Key<Frame>","URL":"/3/Frames/prediction_DRF_1_AutoML_1_20220428_141256_cv_4"},{"__meta":{"schema_version":3,"schema_name":"FrameKeyV3","schema_type":"Key<Frame>"},"name":"prediction_DRF_1_AutoML_1_20220428_141256_cv_5","type":"Key<Frame>","URL":"/3/Frames/prediction_DRF_1_AutoML_1_20220428_141256_cv_5"},{"__meta":{"schema_version":3,"schema_name":"FrameKeyV3","schema_type":"Key<Frame>"},"name":"prediction_DRF_1_AutoML_1_20220428_141256_cv_6","type":"Key<Frame>","URL":"/3/Frames/prediction_DRF_1_AutoML_1_20220428_141256_cv_6"},{"__meta":{"schema_version":3,"schema_name":"FrameKeyV3","schema_type":"Key<Frame>"},"name":"prediction_DRF_1_AutoML_1_20220428_141256_cv_7","type":"Key<Frame>","URL":"/3/Frames/prediction_DRF_1_AutoML_1_20220428_141256_cv_7"},{"__meta":{"schema_version":3,"schema_name":"FrameKeyV3","schema_type":"Key<Frame>"},"name":"prediction_DRF_1_AutoML_1_20220428_141256_cv_8","type":"Key<Frame>","URL":"/3/Frames/prediction_DRF_1_AutoML_1_20220428_141256_cv_8"},{"__meta":{"schema_version":3,"schema_name":"FrameKeyV3","schema_type":"Key<Frame>"},"name":"prediction_DRF_1_AutoML_1_20220428_141256_cv_9","type":"Key<Frame>","URL":"/3/Frames/prediction_DRF_1_AutoML_1_20220428_141256_cv_9"},{"__meta":{"schema_version":3,"schema_name":"FrameKeyV3","schema_type":"Key<Frame>"},"name":"prediction_DRF_1_AutoML_1_20220428_141256_cv_10","type":"Key<Frame>","URL":"/3/Frames/prediction_DRF_1_AutoML_1_20220428_141256_cv_10"}],"cross_validation_holdout_predictions_frame_id":{"__meta":{"schema_version":3,"schema_name":"FrameKeyV3","schema_type":"Key<Frame>"},"name":"cv_holdout_prediction_DRF_1_AutoML_1_20220428_141256","type":"Key<Frame>","URL":"/3/Frames/cv_holdout_prediction_DRF_1_AutoML_1_20220428_141256"},"cross_validation_fold_assignment_frame_id":null,"model_category":"Regression","model_summary":{"__meta":{"schema_version":3,"schema_name":"TwoDimTableV3","schema_type":"TwoDimTable"},"name":"Model Summary","description":"","columns":[{"__meta":{"schema_version":-1,"schema_name":"ColumnSpecsBase","schema_type":"Iced"},"name":"","type":"string","format":"%s","description":""},{"__meta":{"schema_version":-1,"schema_name":"ColumnSpecsBase","schema_type":"Iced"},"name":"number_of_trees","type":"long","format":"%d","description":"Number of Trees"},{"__meta":{"schema_version":-1,"schema_name":"ColumnSpecsBase","schema_type":"Iced"},"name":"number_of_internal_trees","type":"long","format":"%d","description":"Number of Internal Trees"},{"__meta":{"schema_version":-1,"schema_name":"ColumnSpecsBase","schema_type":"Iced"},"name":"model_size_in_bytes","type":"long","format":"%d","description":"Model Size in Bytes"},{"__meta":{"schema_version":-1,"schema_name":"ColumnSpecsBase","schema_type":"Iced"},"name":"min_depth","type":"long","format":"%d","description":"Min. Depth"},{"__meta":{"schema_version":-1,"schema_name":"ColumnSpecsBase","schema_type":"Iced"},"name":"max_depth","type":"long","format":"%d","description":"Max. Depth"},{"__meta":{"schema_version":-1,"schema_name":"ColumnSpecsBase","schema_type":"Iced"},"name":"mean_depth","type":"double","format":"%.5f","description":"Mean Depth"},{"__meta":{"schema_version":-1,"schema_name":"ColumnSpecsBase","schema_type":"Iced"},"name":"min_leaves","type":"long","format":"%d","description":"Min. Leaves"},{"__meta":{"schema_version":-1,"schema_name":"ColumnSpecsBase","schema_type":"Iced"},"name":"max_leaves","type":"long","format":"%d","description":"Max. Leaves"},{"__meta":{"schema_version":-1,"schema_name":"ColumnSpecsBase","schema_type":"Iced"},"name":"mean_leaves","type":"double","format":"%.5f","description":"Mean Leaves"}],"rowcount":1,"data":[[""],[40],[40],[251636],[17],[20],[19.6],[470],[524],[496.05]]},"scoring_history":{"__meta":{"schema_version":3,"schema_name":"TwoDimTableV3","schema_type":"TwoDimTable"},"name":"Scoring History","description":"","columns":[{"__meta":{"schema_version":-1,"schema_name":"ColumnSpecsBase","schema_type":"Iced"},"name":"","type":"string","format":"%s","description":""},{"__meta":{"schema_version":-1,"schema_name":"ColumnSpecsBase","schema_type":"Iced"},"name":"timestamp","type":"string","format":"%s","description":"Timestamp"},{"__meta":{"schema_version":-1,"schema_name":"ColumnSpecsBase","schema_type":"Iced"},"name":"duration","type":"string","format":"%s","description":"Duration"},{"__meta":{"schema_version":-1,"schema_name":"ColumnSpecsBase","schema_type":"Iced"},"name":"number_of_trees","type":"long","format":"%d","description":"Number of Trees"},{"__meta":{"schema_version":-1,"schema_name":"ColumnSpecsBase","schema_type":"Iced"},"name":"training_rmse","type":"double","format":"%.5f","description":"Training RMSE"},{"__meta":{"schema_version":-1,"schema_name":"ColumnSpecsBase","schema_type":"Iced"},"name":"training_mae","type":"double","format":"%.5f","description":"Training MAE"},{"__meta":{"schema_version":-1,"schema_name":"ColumnSpecsBase","schema_type":"Iced"},"name":"training_deviance","type":"double","format":"%.5f","description":"Training Deviance"}],"rowcount":9,"data":[["","","","","","","","",""],["2022-04-28 14:13:21","2022-04-28 14:13:22","2022-04-28 14:13:22","2022-04-28 14:13:22","2022-04-28 14:13:22","2022-04-28 14:13:22","2022-04-28 14:13:23","2022-04-28 14:13:23","2022-04-28 14:13:23"],[" 2.547 sec"," 2.734 sec"," 2.916 sec"," 3.122 sec"," 3.316 sec"," 3.503 sec"," 3.686 sec"," 3.870 sec"," 4.057 sec"],[0,5,10,15,20,25,30,35,40],["NaN",1.2813630243978473,1.07533774812353,1.0450722883775154,0.9678398105735315,0.9351623705814089,0.9025259186381215,0.8816006446784881,0.8832921052896121],["NaN",0.6374436516492141,0.5512314678974928,0.5211107486557739,0.5054485112363991,0.47890772986812413,0.45994290154360085,0.4469978318260423,0.44752533971416286],["NaN",1.6418912002939983,1.1563512725393845,1.0921760879346167,0.9367138989310094,0.8745286593514404,0.814553033813585,0.7772196966975259,0.7802049432669552]]},"cv_scoring_history":[{"__meta":{"schema_version":3,"schema_name":"TwoDimTableV3","schema_type":"TwoDimTable"},"name":"Scoring History","description":"","columns":[{"__meta":{"schema_version":-1,"schema_name":"ColumnSpecsBase","schema_type":"Iced"},"name":"","type":"string","format":"%s","description":""},{"__meta":{"schema_version":-1,"schema_name":"ColumnSpecsBase","schema_type":"Iced"},"name":"timestamp","type":"string","format":"%s","description":"Timestamp"},{"__meta":{"schema_version":-1,"schema_name":"ColumnSpecsBase","schema_type":"Iced"},"name":"duration","type":"string","format":"%s","description":"Duration"},{"__meta":{"schema_version":-1,"schema_name":"ColumnSpecsBase","schema_type":"Iced"},"name":"number_of_trees","type":"long","format":"%d","description":"Number of Trees"},{"__meta":{"schema_version":-1,"schema_name":"ColumnSpecsBase","schema_type":"Iced"},"name":"training_rmse","type":"double","format":"%.5f","description":"Training RMSE"},{"__meta":{"schema_version":-1,"schema_name":"ColumnSpecsBase","schema_type":"Iced"},"name":"training_mae","type":"double","format":"%.5f","description":"Training MAE"},{"__meta":{"schema_version":-1,"schema_name":"ColumnSpecsBase","schema_type":"Iced"},"name":"training_deviance","type":"double","format":"%.5f","description":"Training Deviance"},{"__meta":{"schema_version":-1,"schema_name":"ColumnSpecsBase","schema_type":"Iced"},"name":"validation_rmse","type":"double","format":"%.5f","description":"Validation RMSE"},{"__meta":{"schema_version":-1,"schema_name":"ColumnSpecsBase","schema_type":"Iced"},"name":"validation_mae","type":"double","format":"%.5f","description":"Validation MAE"},{"__meta":{"schema_version":-1,"schema_name":"ColumnSpecsBase","schema_type":"Iced"},"name":"validation_deviance","type":"double","format":"%.5f","description":"Validation Deviance"}],"rowcount":9,"data":[["","","","","","","","",""],["2022-04-28 14:13:19","2022-04-28 14:13:20","2022-04-28 14:13:20","2022-04-28 14:13:20","2022-04-28 14:13:20","2022-04-28 14:13:21","2022-04-28 14:13:21","2022-04-28 14:13:21","2022-04-28 14:13:21"],[" 0.026 sec"," 0.705 sec"," 0.929 sec"," 1.148 sec"," 1.374 sec"," 1.593 sec"," 1.794 sec"," 2.007 sec"," 2.159 sec"],[0,5,10,15,20,25,30,35,40],["NaN",1.276801968796157,1.074621616533553,1.0735256081817794,0.9996719965551182,0.9872010104554126,0.942943290476456,0.927635714582179,0.9197671020261414],["NaN",0.6453701107761333,0.5661225628585598,0.5373730757314431,0.5157487732805033,0.5076141138453785,0.48510681148702256,0.4755877369046009,0.46820025858615816],["NaN",1.6302232675217423,1.1548116187211863,1.1524572314220594,0.9993441006964962,0.9745658350441877,0.8891420490545661,0.8605080189683898,0.8459715219695664],["NaN",0.8019377739722827,0.808975326771244,0.7425764604329188,0.8069618889337742,0.7727267345499842,0.7705224656447779,0.7738729386037443,0.7916379793213777],["NaN",0.46753444689584084,0.4659837254648467,0.4352425300871512,0.4780876928783327,0.47214157233396253,0.4624466810839241,0.4614233232919194,0.46633384447903864],["NaN",0.64310419332362,0.654441079324641,0.5514197995890823,0.6511874901915649,0.5971066062882817,0.593704870063308,0.5988793251031946,0.626690690304034]]},{"__meta":{"schema_version":3,"schema_name":"TwoDimTableV3","schema_type":"TwoDimTable"},"name":"Scoring History","description":"","columns":[{"__meta":{"schema_version":-1,"schema_name":"ColumnSpecsBase","schema_type":"Iced"},"name":"","type":"string","format":"%s","description":""},{"__meta":{"schema_version":-1,"schema_name":"ColumnSpecsBase","schema_type":"Iced"},"name":"timestamp","type":"string","format":"%s","description":"Timestamp"},{"__meta":{"schema_version":-1,"schema_name":"ColumnSpecsBase","schema_type":"Iced"},"name":"duration","type":"string","format":"%s","description":"Duration"},{"__meta":{"schema_version":-1,"schema_name":"ColumnSpecsBase","schema_type":"Iced"},"name":"number_of_trees","type":"long","format":"%d","description":"Number of Trees"},{"__meta":{"schema_version":-1,"schema_name":"ColumnSpecsBase","schema_type":"Iced"},"name":"training_rmse","type":"double","format":"%.5f","description":"Training RMSE"},{"__meta":{"schema_version":-1,"schema_name":"ColumnSpecsBase","schema_type":"Iced"},"name":"training_mae","type":"double","format":"%.5f","description":"Training MAE"},{"__meta":{"schema_version":-1,"schema_name":"ColumnSpecsBase","schema_type":"Iced"},"name":"training_deviance","type":"double","format":"%.5f","description":"Training Deviance"},{"__meta":{"schema_version":-1,"schema_name":"ColumnSpecsBase","schema_type":"Iced"},"name":"validation_rmse","type":"double","format":"%.5f","description":"Validation RMSE"},{"__meta":{"schema_version":-1,"schema_name":"ColumnSpecsBase","schema_type":"Iced"},"name":"validation_mae","type":"double","format":"%.5f","description":"Validation MAE"},{"__meta":{"schema_version":-1,"schema_name":"ColumnSpecsBase","schema_type":"Iced"},"name":"validation_deviance","type":"double","format":"%.5f","description":"Validation Deviance"}],"rowcount":11,"data":[["","","","","","","","","","",""],["2022-04-28 14:13:19","2022-04-28 14:13:20","2022-04-28 14:13:20","2022-04-28 14:13:20","2022-04-28 14:13:20","2022-04-28 14:13:20","2022-04-28 14:13:21","2022-04-28 14:13:21","2022-04-28 14:13:21","2022-04-28 14:13:21","2022-04-28 14:13:21"],[" 0.026 sec"," 0.701 sec"," 0.928 sec"," 1.126 sec"," 1.336 sec"," 1.516 sec"," 1.718 sec"," 1.941 sec"," 2.108 sec"," 2.255 sec"," 2.410 sec"],[0,5,10,15,20,25,30,35,40,45,50],["NaN",1.3384936873532274,1.0963236596202517,1.055695478637633,1.000013369484025,0.9816181405217241,0.9574448116895801,0.9362578803329672,0.9385727983640003,0.9283482584246396,0.9214570820895736],["NaN",0.680135201005419,0.5734022487300999,0.5401808140166959,0.519760178103287,0.5149226423383959,0.49486612872217867,0.48583964121643974,0.4879354601446439,0.483620456159723,0.482063908960462],["NaN",1.7915653510844392,1.2019255666431414,1.114492943615941,1.0000267391467932,0.9635741738013273,0.9167005674312954,0.8765788184855807,0.8809188978288305,0.8618304889200614,0.849083154133031],["NaN",1.040276341746522,0.7771477924902894,0.7209600150773104,0.7159190986306718,0.7036533516771979,0.6805737144916221,0.6466813889985537,0.654644165836275,0.6403400248516438,0.6258672092590937],["NaN",0.5462958154908145,0.44962391573262517,0.4153393375825691,0.43485007867755665,0.43888187343815727,0.42261296881430094,0.4008284473224266,0.40442644188247895,0.3987240778494234,0.39609133140688946],["NaN",1.0821748671975266,0.60395869137253,0.5197833433402756,0.5125401557841537,0.49512803932655436,0.463180580856924,0.4181968188770987,0.4285589838634724,0.4100353474270037,0.3917097636257662]]},{"__meta":{"schema_version":3,"schema_name":"TwoDimTableV3","schema_type":"TwoDimTable"},"name":"Scoring History","description":"","columns":[{"__meta":{"schema_version":-1,"schema_name":"ColumnSpecsBase","schema_type":"Iced"},"name":"","type":"string","format":"%s","description":""},{"__meta":{"schema_version":-1,"schema_name":"ColumnSpecsBase","schema_type":"Iced"},"name":"timestamp","type":"string","format":"%s","description":"Timestamp"},{"__meta":{"schema_version":-1,"schema_name":"ColumnSpecsBase","schema_type":"Iced"},"name":"duration","type":"string","format":"%s","description":"Duration"},{"__meta":{"schema_version":-1,"schema_name":"ColumnSpecsBase","schema_type":"Iced"},"name":"number_of_trees","type":"long","format":"%d","description":"Number of Trees"},{"__meta":{"schema_version":-1,"schema_name":"ColumnSpecsBase","schema_type":"Iced"},"name":"training_rmse","type":"double","format":"%.5f","description":"Training RMSE"},{"__meta":{"schema_version":-1,"schema_name":"ColumnSpecsBase","schema_type":"Iced"},"name":"training_mae","type":"double","format":"%.5f","description":"Training MAE"},{"__meta":{"schema_version":-1,"schema_name":"ColumnSpecsBase","schema_type":"Iced"},"name":"training_deviance","type":"double","format":"%.5f","description":"Training Deviance"},{"__meta":{"schema_version":-1,"schema_name":"ColumnSpecsBase","schema_type":"Iced"},"name":"validation_rmse","type":"double","format":"%.5f","description":"Validation RMSE"},{"__meta":{"schema_version":-1,"schema_name":"ColumnSpecsBase","schema_type":"Iced"},"name":"validation_mae","type":"double","format":"%.5f","description":"Validation MAE"},{"__meta":{"schema_version":-1,"schema_name":"ColumnSpecsBase","schema_type":"Iced"},"name":"validation_deviance","type":"double","format":"%.5f","description":"Validation Deviance"}],"rowcount":11,"data":[["","","","","","","","","","",""],["2022-04-28 14:13:19","2022-04-28 14:13:20","2022-04-28 14:13:20","2022-04-28 14:13:20","2022-04-28 14:13:20","2022-04-28 14:13:20","2022-04-28 14:13:21","2022-04-28 14:13:21","2022-04-28 14:13:21","2022-04-28 14:13:21","2022-04-28 14:13:21"],[" 0.027 sec"," 0.593 sec"," 0.899 sec"," 1.080 sec"," 1.327 sec"," 1.533 sec"," 1.750 sec"," 1.970 sec"," 2.130 sec"," 2.275 sec"," 2.430 sec"],[0,5,10,15,20,25,30,35,40,45,50],["NaN",1.2358827475914798,1.0262938040786527,1.0450392125604413,0.9765102608093205,0.9634948725009941,0.9404894652962471,0.9211989887643509,0.902374986839084,0.8992778208227833,0.8900762237467528],["NaN",0.647111616333935,0.5644457368258337,0.5575260586673546,0.517065540704162,0.5029829583958058,0.4872147519581882,0.47923226933511737,0.46898333432743283,0.4714100666914722,0.4652050121926667],["NaN",1.527406165794265,1.053278972290232,1.0921069557889473,0.953572289465887,0.9283223693357068,0.8845204343332207,0.8486075769004627,0.8142806168728371,0.8087005990237739,0.7922356840792795],["NaN",0.8151701769848787,0.775461394238552,0.7251266082978579,0.7009726417543725,0.6252689000283186,0.5928809078203261,0.5967152841614362,0.6074256846676618,0.6043682103982133,0.5788075740007571],["NaN",0.4558122824473555,0.44137479352304737,0.41185051870034867,0.3800131117094713,0.3378010170825993,0.3170467440592476,0.32080033033983635,0.3318381606769491,0.3342542867583922,0.33068701127566474],["NaN",0.6645024174455585,0.601340373954399,0.5258085980615551,0.49136264448810385,0.39096119734262347,0.35150777085785406,0.35606913035186355,0.3689659623939777,0.36526093373993906,0.3350182077206419]]},{"__meta":{"schema_version":3,"schema_name":"TwoDimTableV3","schema_type":"TwoDimTable"},"name":"Scoring History","description":"","columns":[{"__meta":{"schema_version":-1,"schema_name":"ColumnSpecsBase","schema_type":"Iced"},"name":"","type":"string","format":"%s","description":""},{"__meta":{"schema_version":-1,"schema_name":"ColumnSpecsBase","schema_type":"Iced"},"name":"timestamp","type":"string","format":"%s","description":"Timestamp"},{"__meta":{"schema_version":-1,"schema_name":"ColumnSpecsBase","schema_type":"Iced"},"name":"duration","type":"string","format":"%s","description":"Duration"},{"__meta":{"schema_version":-1,"schema_name":"ColumnSpecsBase","schema_type":"Iced"},"name":"number_of_trees","type":"long","format":"%d","description":"Number of Trees"},{"__meta":{"schema_version":-1,"schema_name":"ColumnSpecsBase","schema_type":"Iced"},"name":"training_rmse","type":"double","format":"%.5f","description":"Training RMSE"},{"__meta":{"schema_version":-1,"schema_name":"ColumnSpecsBase","schema_type":"Iced"},"name":"training_mae","type":"double","format":"%.5f","description":"Training MAE"},{"__meta":{"schema_version":-1,"schema_name":"ColumnSpecsBase","schema_type":"Iced"},"name":"training_deviance","type":"double","format":"%.5f","description":"Training Deviance"},{"__meta":{"schema_version":-1,"schema_name":"ColumnSpecsBase","schema_type":"Iced"},"name":"validation_rmse","type":"double","format":"%.5f","description":"Validation RMSE"},{"__meta":{"schema_version":-1,"schema_name":"ColumnSpecsBase","schema_type":"Iced"},"name":"validation_mae","type":"double","format":"%.5f","description":"Validation MAE"},{"__meta":{"schema_version":-1,"schema_name":"ColumnSpecsBase","schema_type":"Iced"},"name":"validation_deviance","type":"double","format":"%.5f","description":"Validation Deviance"}],"rowcount":11,"data":[["","","","","","","","","","",""],["2022-04-28 14:13:19","2022-04-28 14:13:20","2022-04-28 14:13:20","2022-04-28 14:13:20","2022-04-28 14:13:20","2022-04-28 14:13:21","2022-04-28 14:13:21","2022-04-28 14:13:21","2022-04-28 14:13:21","2022-04-28 14:13:21","2022-04-28 14:13:21"],[" 0.026 sec"," 0.751 sec"," 0.988 sec"," 1.212 sec"," 1.429 sec"," 1.683 sec"," 1.874 sec"," 2.076 sec"," 2.212 sec"," 2.385 sec"," 2.485 sec"],[0,5,10,15,20,25,30,35,40,45,50],["NaN",1.231777716370272,1.151146269930102,1.0532842583396875,0.9917324488706922,0.9425547969337806,0.922064327758527,0.9001870419041821,0.8906289714092573,0.8911416196779893,0.8874790024863958],["NaN",0.6538814701124832,0.6132263820456003,0.5678818375886381,0.5266216159992,0.498493495062033,0.4800752665538796,0.463177150625179,0.4614212721398614,0.45917449850678466,0.4529999786134213],["NaN",1.5172763425463622,1.3251377347739874,1.1094077288661854,0.9835332501430603,0.8884095452228804,0.8502026245247843,0.8103367104122017,0.7932199647135117,0.7941333863223101,0.787618979854248],["NaN",0.9110309798368726,0.8187735580442302,0.8124876739744586,0.7627025402928463,0.7441800802705892,0.7212314081719059,0.7196893751334275,0.7580725240590648,0.7386736747137215,0.7133891641607666],["NaN",0.46847224826195166,0.40589601916361995,0.4041436423498943,0.38145253927592776,0.3707170012844614,0.3536386505397686,0.33948391811624046,0.3542862536834485,0.3498558442675604,0.33371846644275166],["NaN",0.8299774462225322,0.6703901393524084,0.6601362203604263,0.5817151649691609,0.5538039918715407,0.5201747441336303,0.5179527966799433,0.5746739517332814,0.5456387977150728,0.5089240995419972]]},{"__meta":{"schema_version":3,"schema_name":"TwoDimTableV3","schema_type":"TwoDimTable"},"name":"Scoring History","description":"","columns":[{"__meta":{"schema_version":-1,"schema_name":"ColumnSpecsBase","schema_type":"Iced"},"name":"","type":"string","format":"%s","description":""},{"__meta":{"schema_version":-1,"schema_name":"ColumnSpecsBase","schema_type":"Iced"},"name":"timestamp","type":"string","format":"%s","description":"Timestamp"},{"__meta":{"schema_version":-1,"schema_name":"ColumnSpecsBase","schema_type":"Iced"},"name":"duration","type":"string","format":"%s","description":"Duration"},{"__meta":{"schema_version":-1,"schema_name":"ColumnSpecsBase","schema_type":"Iced"},"name":"number_of_trees","type":"long","format":"%d","description":"Number of Trees"},{"__meta":{"schema_version":-1,"schema_name":"ColumnSpecsBase","schema_type":"Iced"},"name":"training_rmse","type":"double","format":"%.5f","description":"Training RMSE"},{"__meta":{"schema_version":-1,"schema_name":"ColumnSpecsBase","schema_type":"Iced"},"name":"training_mae","type":"double","format":"%.5f","description":"Training MAE"},{"__meta":{"schema_version":-1,"schema_name":"ColumnSpecsBase","schema_type":"Iced"},"name":"training_deviance","type":"double","format":"%.5f","description":"Training Deviance"},{"__meta":{"schema_version":-1,"schema_name":"ColumnSpecsBase","schema_type":"Iced"},"name":"validation_rmse","type":"double","format":"%.5f","description":"Validation RMSE"},{"__meta":{"schema_version":-1,"schema_name":"ColumnSpecsBase","schema_type":"Iced"},"name":"validation_mae","type":"double","format":"%.5f","description":"Validation MAE"},{"__meta":{"schema_version":-1,"schema_name":"ColumnSpecsBase","schema_type":"Iced"},"name":"validation_deviance","type":"double","format":"%.5f","description":"Validation Deviance"}],"rowcount":11,"data":[["","","","","","","","","","",""],["2022-04-28 14:13:19","2022-04-28 14:13:20","2022-04-28 14:13:20","2022-04-28 14:13:20","2022-04-28 14:13:20","2022-04-28 14:13:21","2022-04-28 14:13:21","2022-04-28 14:13:21","2022-04-28 14:13:21","2022-04-28 14:13:21","2022-04-28 14:13:21"],[" 0.026 sec"," 0.707 sec"," 0.935 sec"," 1.139 sec"," 1.377 sec"," 1.592 sec"," 1.798 sec"," 2.021 sec"," 2.186 sec"," 2.332 sec"," 2.468 sec"],[0,5,10,15,20,25,30,35,40,45,50],["NaN",1.3581165366096517,1.05588612708072,1.0788887111787075,0.9777377046865292,0.9599804473267388,0.9434945298048598,0.9391827335890962,0.9423799393252016,0.9256893266130005,0.9140475333611922],["NaN",0.6671010946249256,0.5447207394882327,0.5215474461488159,0.4960287922299911,0.4831516180388341,0.4686235809221163,0.4637125542271263,0.46677912938027705,0.46328524717651837,0.45695630559996947],["NaN",1.8444805270125957,1.1148955133615224,1.1640008511088529,0.9559710191656825,0.9215624592496456,0.8901819277716936,0.8820642070718873,0.8880799500425707,0.8569007294052304,0.8354828932436796],["NaN",1.047320457452007,0.8575656000186432,0.827319105826181,0.7136692857496478,0.6529533808273476,0.639100104207805,0.6376956899453844,0.6707733540662935,0.6535822437208986,0.6478669349814458],["NaN",0.5639589602688709,0.4789854026702511,0.4640827050649493,0.42319066926657406,0.39752403293747485,0.3966054884784194,0.3956234293093778,0.40095507640346695,0.3906327416898416,0.39034680107989933],["NaN",1.0968801405974813,0.7354187583353357,0.6844569028650317,0.5093238494224125,0.4263481175338631,0.40844894319842734,0.4066557929749199,0.4499368925253451,0.4271697493072441,0.41973156544225293]]},{"__meta":{"schema_version":3,"schema_name":"TwoDimTableV3","schema_type":"TwoDimTable"},"name":"Scoring History","description":"","columns":[{"__meta":{"schema_version":-1,"schema_name":"ColumnSpecsBase","schema_type":"Iced"},"name":"","type":"string","format":"%s","description":""},{"__meta":{"schema_version":-1,"schema_name":"ColumnSpecsBase","schema_type":"Iced"},"name":"timestamp","type":"string","format":"%s","description":"Timestamp"},{"__meta":{"schema_version":-1,"schema_name":"ColumnSpecsBase","schema_type":"Iced"},"name":"duration","type":"string","format":"%s","description":"Duration"},{"__meta":{"schema_version":-1,"schema_name":"ColumnSpecsBase","schema_type":"Iced"},"name":"number_of_trees","type":"long","format":"%d","description":"Number of Trees"},{"__meta":{"schema_version":-1,"schema_name":"ColumnSpecsBase","schema_type":"Iced"},"name":"training_rmse","type":"double","format":"%.5f","description":"Training RMSE"},{"__meta":{"schema_version":-1,"schema_name":"ColumnSpecsBase","schema_type":"Iced"},"name":"training_mae","type":"double","format":"%.5f","description":"Training MAE"},{"__meta":{"schema_version":-1,"schema_name":"ColumnSpecsBase","schema_type":"Iced"},"name":"training_deviance","type":"double","format":"%.5f","description":"Training Deviance"},{"__meta":{"schema_version":-1,"schema_name":"ColumnSpecsBase","schema_type":"Iced"},"name":"validation_rmse","type":"double","format":"%.5f","description":"Validation RMSE"},{"__meta":{"schema_version":-1,"schema_name":"ColumnSpecsBase","schema_type":"Iced"},"name":"validation_mae","type":"double","format":"%.5f","description":"Validation MAE"},{"__meta":{"schema_version":-1,"schema_name":"ColumnSpecsBase","schema_type":"Iced"},"name":"validation_deviance","type":"double","format":"%.5f","description":"Validation Deviance"}],"rowcount":8,"data":[["","","","","","","",""],["2022-04-28 14:13:19","2022-04-28 14:13:20","2022-04-28 14:13:20","2022-04-28 14:13:20","2022-04-28 14:13:20","2022-04-28 14:13:21","2022-04-28 14:13:21","2022-04-28 14:13:21"],[" 0.027 sec"," 0.694 sec"," 0.918 sec"," 1.139 sec"," 1.354 sec"," 1.591 sec"," 1.799 sec"," 2.005 sec"],[0,5,10,15,20,25,30,35],["NaN",1.217603970831779,1.0415975666215198,0.9859605701157401,0.9242321291083402,0.9028652082992945,0.8886735637114624,0.8840830021485554],["NaN",0.6438565550922309,0.5565446155498571,0.5330660588247363,0.5129736216047689,0.49416307334404524,0.47759853340201985,0.47402636069533854],["NaN",1.4825594297853155,1.0849254907918713,0.9721182458229553,0.8542050284761357,0.8151655843573286,0.7897407028396306,0.7816027546880027],["NaN",1.3938227584377256,1.0125516743376435,1.2209743106858462,1.0768602530527978,1.1185421059164025,1.1265200250961367,1.0142001949279444],["NaN",0.580671593080084,0.4996141783623813,0.5481377472599824,0.5120625183704387,0.5169722024647585,0.507240462267255,0.49132466929966334],["NaN",1.9427418819389501,1.0252608932039653,1.4907782673547771,1.1596280046049354,1.2511364427079004,1.2690473669426006,1.0286020353918806]]},{"__meta":{"schema_version":3,"schema_name":"TwoDimTableV3","schema_type":"TwoDimTable"},"name":"Scoring History","description":"","columns":[{"__meta":{"schema_version":-1,"schema_name":"ColumnSpecsBase","schema_type":"Iced"},"name":"","type":"string","format":"%s","description":""},{"__meta":{"schema_version":-1,"schema_name":"ColumnSpecsBase","schema_type":"Iced"},"name":"timestamp","type":"string","format":"%s","description":"Timestamp"},{"__meta":{"schema_version":-1,"schema_name":"ColumnSpecsBase","schema_type":"Iced"},"name":"duration","type":"string","format":"%s","description":"Duration"},{"__meta":{"schema_version":-1,"schema_name":"ColumnSpecsBase","schema_type":"Iced"},"name":"number_of_trees","type":"long","format":"%d","description":"Number of Trees"},{"__meta":{"schema_version":-1,"schema_name":"ColumnSpecsBase","schema_type":"Iced"},"name":"training_rmse","type":"double","format":"%.5f","description":"Training RMSE"},{"__meta":{"schema_version":-1,"schema_name":"ColumnSpecsBase","schema_type":"Iced"},"name":"training_mae","type":"double","format":"%.5f","description":"Training MAE"},{"__meta":{"schema_version":-1,"schema_name":"ColumnSpecsBase","schema_type":"Iced"},"name":"training_deviance","type":"double","format":"%.5f","description":"Training Deviance"},{"__meta":{"schema_version":-1,"schema_name":"ColumnSpecsBase","schema_type":"Iced"},"name":"validation_rmse","type":"double","format":"%.5f","description":"Validation RMSE"},{"__meta":{"schema_version":-1,"schema_name":"ColumnSpecsBase","schema_type":"Iced"},"name":"validation_mae","type":"double","format":"%.5f","description":"Validation MAE"},{"__meta":{"schema_version":-1,"schema_name":"ColumnSpecsBase","schema_type":"Iced"},"name":"validation_deviance","type":"double","format":"%.5f","description":"Validation Deviance"}],"rowcount":8,"data":[["","","","","","","",""],["2022-04-28 14:13:19","2022-04-28 14:13:20","2022-04-28 14:13:20","2022-04-28 14:13:20","2022-04-28 14:13:20","2022-04-28 14:13:21","2022-04-28 14:13:21","2022-04-28 14:13:21"],[" 0.026 sec"," 0.694 sec"," 0.907 sec"," 1.135 sec"," 1.376 sec"," 1.583 sec"," 1.749 sec"," 1.961 sec"],[0,5,10,15,20,25,30,35],["NaN",1.3957792082536729,1.1087670135785244,1.0802638614432827,0.9869372577825848,0.9757501771976003,0.9602275305614187,0.9239236957591489],["NaN",0.7256183697955636,0.5870374220098097,0.5503586080495285,0.5170859876597415,0.49864684393753433,0.48563933167616147,0.4680464804022993],["NaN",1.94819959819325,1.2293642903998394,1.166970010340352,0.9740451507994082,0.9520884083011484,0.9220369104480804,0.8536349955852442],["NaN",0.9078663360061733,0.8173117523544171,0.8633789100367296,0.9039003776953302,0.902882950063611,0.8765981577150622,0.8583389800573488],["NaN",0.5457437846718762,0.4868517264542057,0.4992382774932111,0.4891264427316986,0.48933818938165174,0.47761294213615785,0.47202865622081014],["NaN",0.824221284053274,0.6679985005366481,0.7454231422962112,0.8170358927977605,0.8151976215155691,0.7684243301094411,0.7367458046858897]]},{"__meta":{"schema_version":3,"schema_name":"TwoDimTableV3","schema_type":"TwoDimTable"},"name":"Scoring History","description":"","columns":[{"__meta":{"schema_version":-1,"schema_name":"ColumnSpecsBase","schema_type":"Iced"},"name":"","type":"string","format":"%s","description":""},{"__meta":{"schema_version":-1,"schema_name":"ColumnSpecsBase","schema_type":"Iced"},"name":"timestamp","type":"string","format":"%s","description":"Timestamp"},{"__meta":{"schema_version":-1,"schema_name":"ColumnSpecsBase","schema_type":"Iced"},"name":"duration","type":"string","format":"%s","description":"Duration"},{"__meta":{"schema_version":-1,"schema_name":"ColumnSpecsBase","schema_type":"Iced"},"name":"number_of_trees","type":"long","format":"%d","description":"Number of Trees"},{"__meta":{"schema_version":-1,"schema_name":"ColumnSpecsBase","schema_type":"Iced"},"name":"training_rmse","type":"double","format":"%.5f","description":"Training RMSE"},{"__meta":{"schema_version":-1,"schema_name":"ColumnSpecsBase","schema_type":"Iced"},"name":"training_mae","type":"double","format":"%.5f","description":"Training MAE"},{"__meta":{"schema_version":-1,"schema_name":"ColumnSpecsBase","schema_type":"Iced"},"name":"training_deviance","type":"double","format":"%.5f","description":"Training Deviance"},{"__meta":{"schema_version":-1,"schema_name":"ColumnSpecsBase","schema_type":"Iced"},"name":"validation_rmse","type":"double","format":"%.5f","description":"Validation RMSE"},{"__meta":{"schema_version":-1,"schema_name":"ColumnSpecsBase","schema_type":"Iced"},"name":"validation_mae","type":"double","format":"%.5f","description":"Validation MAE"},{"__meta":{"schema_version":-1,"schema_name":"ColumnSpecsBase","schema_type":"Iced"},"name":"validation_deviance","type":"double","format":"%.5f","description":"Validation Deviance"}],"rowcount":11,"data":[["","","","","","","","","","",""],["2022-04-28 14:13:19","2022-04-28 14:13:20","2022-04-28 14:13:20","2022-04-28 14:13:20","2022-04-28 14:13:20","2022-04-28 14:13:20","2022-04-28 14:13:21","2022-04-28 14:13:21","2022-04-28 14:13:21","2022-04-28 14:13:21","2022-04-28 14:13:21"],[" 0.026 sec"," 0.693 sec"," 0.919 sec"," 1.125 sec"," 1.330 sec"," 1.530 sec"," 1.741 sec"," 1.975 sec"," 2.135 sec"," 2.281 sec"," 2.429 sec"],[0,5,10,15,20,25,30,35,40,45,50],["NaN",1.2296780133696847,0.9795813270254731,1.0549302542397305,0.9256810231073912,0.909163719706683,0.8566760687249082,0.8500890570134068,0.8481158965166359,0.839011664315225,0.8378804802067966],["NaN",0.6411573095304977,0.5375796525348157,0.5296564164580324,0.48371799714271896,0.4750849361492779,0.4454714908325255,0.4405635479571399,0.43761790891711133,0.4343692745778974,0.4335932452041945],["NaN",1.5121080165648144,0.9595795762569869,1.1128778413103027,0.8568853565411466,0.8265786692308921,0.7338938867259637,0.7226514048539432,0.719300573924217,0.7039405728570038,0.702043699111572],["NaN",1.4398470207571716,1.2301952334895634,1.239191646030909,1.1722338153675174,1.1507992694739004,1.1341332103083976,1.1043177940641438,1.1177782926382887,1.1291473793066664,1.1229549323725763],["NaN",0.6872394659352012,0.5842218494451631,0.5438717911883097,0.5268776288210619,0.5047033754172849,0.48787620780247504,0.4866066785379986,0.4862605264637528,0.48837593077482566,0.4920744054746336],["NaN",2.073159443183303,1.5133803125004412,1.5355959355927935,1.374132117891087,1.324338958621663,1.286258138724432,1.2195177902866967,1.2494283114933675,1.2749738041951129,1.2610277801398972]]},{"__meta":{"schema_version":3,"schema_name":"TwoDimTableV3","schema_type":"TwoDimTable"},"name":"Scoring History","description":"","columns":[{"__meta":{"schema_version":-1,"schema_name":"ColumnSpecsBase","schema_type":"Iced"},"name":"","type":"string","format":"%s","description":""},{"__meta":{"schema_version":-1,"schema_name":"ColumnSpecsBase","schema_type":"Iced"},"name":"timestamp","type":"string","format":"%s","description":"Timestamp"},{"__meta":{"schema_version":-1,"schema_name":"ColumnSpecsBase","schema_type":"Iced"},"name":"duration","type":"string","format":"%s","description":"Duration"},{"__meta":{"schema_version":-1,"schema_name":"ColumnSpecsBase","schema_type":"Iced"},"name":"number_of_trees","type":"long","format":"%d","description":"Number of Trees"},{"__meta":{"schema_version":-1,"schema_name":"ColumnSpecsBase","schema_type":"Iced"},"name":"training_rmse","type":"double","format":"%.5f","description":"Training RMSE"},{"__meta":{"schema_version":-1,"schema_name":"ColumnSpecsBase","schema_type":"Iced"},"name":"training_mae","type":"double","format":"%.5f","description":"Training MAE"},{"__meta":{"schema_version":-1,"schema_name":"ColumnSpecsBase","schema_type":"Iced"},"name":"training_deviance","type":"double","format":"%.5f","description":"Training Deviance"},{"__meta":{"schema_version":-1,"schema_name":"ColumnSpecsBase","schema_type":"Iced"},"name":"validation_rmse","type":"double","format":"%.5f","description":"Validation RMSE"},{"__meta":{"schema_version":-1,"schema_name":"ColumnSpecsBase","schema_type":"Iced"},"name":"validation_mae","type":"double","format":"%.5f","description":"Validation MAE"},{"__meta":{"schema_version":-1,"schema_name":"ColumnSpecsBase","schema_type":"Iced"},"name":"validation_deviance","type":"double","format":"%.5f","description":"Validation Deviance"}],"rowcount":8,"data":[["","","","","","","",""],["2022-04-28 14:13:19","2022-04-28 14:13:20","2022-04-28 14:13:20","2022-04-28 14:13:20","2022-04-28 14:13:20","2022-04-28 14:13:21","2022-04-28 14:13:21","2022-04-28 14:13:21"],[" 0.026 sec"," 0.690 sec"," 0.918 sec"," 1.129 sec"," 1.361 sec"," 1.576 sec"," 1.787 sec"," 1.989 sec"],[0,5,10,15,20,25,30,35],["NaN",1.3013271088375866,1.1111158582711793,1.0835617264205153,1.0123590345820652,1.0140001439127122,0.9693173391835272,0.9478575085606579],["NaN",0.6792567553351968,0.5853512568959208,0.5600195269577971,0.5385641819838657,0.5300425907337937,0.5011378378780351,0.48720824570418925],["NaN",1.6934522441955921,1.2345784505016992,1.1741060149634075,1.0248708148999313,1.0281962918550012,0.9395761040418332,0.8984338565348177],["NaN",0.7664493865029368,0.597168084735899,0.5748349088797086,0.5530816752802469,0.5914163798612908,0.5926885100208312,0.5667010096715032],["NaN",0.4610143121967956,0.38501591026419546,0.34649585209241734,0.3505105947666777,0.3775353095407894,0.3653138332402076,0.3550939020561219],["NaN",0.5874446620707282,0.3566097214271418,0.3304351724667428,0.3058993395308044,0.3497733343682346,0.35127966991071297,0.3211500343627011]]},{"__meta":{"schema_version":3,"schema_name":"TwoDimTableV3","schema_type":"TwoDimTable"},"name":"Scoring History","description":"","columns":[{"__meta":{"schema_version":-1,"schema_name":"ColumnSpecsBase","schema_type":"Iced"},"name":"","type":"string","format":"%s","description":""},{"__meta":{"schema_version":-1,"schema_name":"ColumnSpecsBase","schema_type":"Iced"},"name":"timestamp","type":"string","format":"%s","description":"Timestamp"},{"__meta":{"schema_version":-1,"schema_name":"ColumnSpecsBase","schema_type":"Iced"},"name":"duration","type":"string","format":"%s","description":"Duration"},{"__meta":{"schema_version":-1,"schema_name":"ColumnSpecsBase","schema_type":"Iced"},"name":"number_of_trees","type":"long","format":"%d","description":"Number of Trees"},{"__meta":{"schema_version":-1,"schema_name":"ColumnSpecsBase","schema_type":"Iced"},"name":"training_rmse","type":"double","format":"%.5f","description":"Training RMSE"},{"__meta":{"schema_version":-1,"schema_name":"ColumnSpecsBase","schema_type":"Iced"},"name":"training_mae","type":"double","format":"%.5f","description":"Training MAE"},{"__meta":{"schema_version":-1,"schema_name":"ColumnSpecsBase","schema_type":"Iced"},"name":"training_deviance","type":"double","format":"%.5f","description":"Training Deviance"},{"__meta":{"schema_version":-1,"schema_name":"ColumnSpecsBase","schema_type":"Iced"},"name":"validation_rmse","type":"double","format":"%.5f","description":"Validation RMSE"},{"__meta":{"schema_version":-1,"schema_name":"ColumnSpecsBase","schema_type":"Iced"},"name":"validation_mae","type":"double","format":"%.5f","description":"Validation MAE"},{"__meta":{"schema_version":-1,"schema_name":"ColumnSpecsBase","schema_type":"Iced"},"name":"validation_deviance","type":"double","format":"%.5f","description":"Validation Deviance"}],"rowcount":8,"data":[["","","","","","","",""],["2022-04-28 14:13:19","2022-04-28 14:13:20","2022-04-28 14:13:20","2022-04-28 14:13:20","2022-04-28 14:13:20","2022-04-28 14:13:21","2022-04-28 14:13:21","2022-04-28 14:13:21"],[" 0.026 sec"," 0.701 sec"," 0.949 sec"," 1.175 sec"," 1.412 sec"," 1.637 sec"," 1.831 sec"," 2.029 sec"],[0,5,10,15,20,25,30,35],["NaN",1.262374260866424,1.0673430068855665,1.0390394248314174,0.9933904280539869,0.9609376580212674,0.920570931888208,0.9093899929862916],["NaN",0.643942255656076,0.5494692667944894,0.5058526223930713,0.5004665140128293,0.47715526842488903,0.4567260501315334,0.45101574097987557],["NaN",1.5935887744980501,1.1392210943475223,1.0796029263540026,0.9868245425492833,0.9234011826033983,0.8474508406375239,0.8269901593436076],["NaN",1.3548193226388134,1.135930698897115,1.1918554556771457,1.1567710712507215,1.1567045830411207,1.1359687550338575,1.1570512328966909],["NaN",0.6601463778535043,0.5784801758916641,0.5682295278078174,0.5514176987929316,0.5574113560195375,0.5373411932642139,0.5408468207337922],["NaN",1.835535396995493,1.290338552696888,1.4205194272273765,1.338119311282542,1.337965492428333,1.290425012413172,1.3387675555477525]]}],"reproducibility_information_table":[{"__meta":{"schema_version":3,"schema_name":"TwoDimTableV3","schema_type":"TwoDimTable"},"name":"Node Information","description":"","columns":[{"__meta":{"schema_version":-1,"schema_name":"ColumnSpecsBase","schema_type":"Iced"},"name":"","type":"string","format":"%s","description":""},{"__meta":{"schema_version":-1,"schema_name":"ColumnSpecsBase","schema_type":"Iced"},"name":"node","type":"int","format":"%d","description":"node"},{"__meta":{"schema_version":-1,"schema_name":"ColumnSpecsBase","schema_type":"Iced"},"name":"h2o","type":"string","format":"%s","description":"h2o"},{"__meta":{"schema_version":-1,"schema_name":"ColumnSpecsBase","schema_type":"Iced"},"name":"healthy","type":"string","format":"%s","description":"healthy"},{"__meta":{"schema_version":-1,"schema_name":"ColumnSpecsBase","schema_type":"Iced"},"name":"last_ping","type":"string","format":"%s","description":"last_ping"},{"__meta":{"schema_version":-1,"schema_name":"ColumnSpecsBase","schema_type":"Iced"},"name":"num_cpus","type":"int","format":"%d","description":"num_cpus"},{"__meta":{"schema_version":-1,"schema_name":"ColumnSpecsBase","schema_type":"Iced"},"name":"sys_load","type":"double","format":"%.5f","description":"sys_load"},{"__meta":{"schema_version":-1,"schema_name":"ColumnSpecsBase","schema_type":"Iced"},"name":"mem_value_size","type":"long","format":"%d","description":"mem_value_size"},{"__meta":{"schema_version":-1,"schema_name":"ColumnSpecsBase","schema_type":"Iced"},"name":"free_mem","type":"long","format":"%d","description":"free_mem"},{"__meta":{"schema_version":-1,"schema_name":"ColumnSpecsBase","schema_type":"Iced"},"name":"pojo_mem","type":"long","format":"%d","description":"pojo_mem"},{"__meta":{"schema_version":-1,"schema_name":"ColumnSpecsBase","schema_type":"Iced"},"name":"swap_mem","type":"long","format":"%d","description":"swap_mem"},{"__meta":{"schema_version":-1,"schema_name":"ColumnSpecsBase","schema_type":"Iced"},"name":"free_disc","type":"long","format":"%d","description":"free_disc"},{"__meta":{"schema_version":-1,"schema_name":"ColumnSpecsBase","schema_type":"Iced"},"name":"max_disc","type":"long","format":"%d","description":"max_disc"},{"__meta":{"schema_version":-1,"schema_name":"ColumnSpecsBase","schema_type":"Iced"},"name":"pid","type":"int","format":"%d","description":"pid"},{"__meta":{"schema_version":-1,"schema_name":"ColumnSpecsBase","schema_type":"Iced"},"name":"num_keys","type":"int","format":"%d","description":"num_keys"},{"__meta":{"schema_version":-1,"schema_name":"ColumnSpecsBase","schema_type":"Iced"},"name":"tcps_active","type":"string","format":"%s","description":"tcps_active"},{"__meta":{"schema_version":-1,"schema_name":"ColumnSpecsBase","schema_type":"Iced"},"name":"open_fds","type":"int","format":"%d","description":"open_fds"},{"__meta":{"schema_version":-1,"schema_name":"ColumnSpecsBase","schema_type":"Iced"},"name":"rpcs_active","type":"string","format":"%s","description":"rpcs_active"},{"__meta":{"schema_version":-1,"schema_name":"ColumnSpecsBase","schema_type":"Iced"},"name":"nthreads","type":"int","format":"%d","description":"nthreads"},{"__meta":{"schema_version":-1,"schema_name":"ColumnSpecsBase","schema_type":"Iced"},"name":"is_leader","type":"string","format":"%s","description":"is_leader"},{"__meta":{"schema_version":-1,"schema_name":"ColumnSpecsBase","schema_type":"Iced"},"name":"total_mem","type":"long","format":"%d","description":"total_mem"},{"__meta":{"schema_version":-1,"schema_name":"ColumnSpecsBase","schema_type":"Iced"},"name":"max_mem","type":"long","format":"%d","description":"max_mem"},{"__meta":{"schema_version":-1,"schema_name":"ColumnSpecsBase","schema_type":"Iced"},"name":"java_version","type":"string","format":"%s","description":"java_version"},{"__meta":{"schema_version":-1,"schema_name":"ColumnSpecsBase","schema_type":"Iced"},"name":"jvm_launch_parameters","type":"string","format":"%s","description":"jvm_launch_parameters"},{"__meta":{"schema_version":-1,"schema_name":"ColumnSpecsBase","schema_type":"Iced"},"name":"os_version","type":"string","format":"%s","description":"os_version"},{"__meta":{"schema_version":-1,"schema_name":"ColumnSpecsBase","schema_type":"Iced"},"name":"machine_physical_mem","type":"long","format":"%d","description":"machine_physical_mem"},{"__meta":{"schema_version":-1,"schema_name":"ColumnSpecsBase","schema_type":"Iced"},"name":"machine_locale","type":"string","format":"%s","description":"machine_locale"}],"rowcount":1,"data":[[""],[0],["127.0.0.1:54321"],["true"],["1651151601318"],[80],[4.74],[16339653],[32162360635],[0],[0],[94175756288],[500570259456],[2056973],[10823],["\u0000"],[190],["\u0000"],[80],["true"],[3900702720],[32178700288],["Java 11.0.9.1-internal (from Oracle Corporation)"],["[-ea]"],["Linux 5.14.0-1033-oem (amd64)"],[134798561280],["en_GB"]]},{"__meta":{"schema_version":3,"schema_name":"TwoDimTableV3","schema_type":"TwoDimTable"},"name":"Cluster Configuration","description":"","columns":[{"__meta":{"schema_version":-1,"schema_name":"ColumnSpecsBase","schema_type":"Iced"},"name":"","type":"string","format":"%s","description":""},{"__meta":{"schema_version":-1,"schema_name":"ColumnSpecsBase","schema_type":"Iced"},"name":"h2o_cluster_uptime","type":"long","format":"%d","description":"H2O cluster uptime"},{"__meta":{"schema_version":-1,"schema_name":"ColumnSpecsBase","schema_type":"Iced"},"name":"h2o_cluster_timezone","type":"string","format":"%s","description":"H2O cluster timezone"},{"__meta":{"schema_version":-1,"schema_name":"ColumnSpecsBase","schema_type":"Iced"},"name":"h2o_data_parsing_timezone","type":"string","format":"%s","description":"H2O data parsing timezone"},{"__meta":{"schema_version":-1,"schema_name":"ColumnSpecsBase","schema_type":"Iced"},"name":"h2o_cluster_version","type":"string","format":"%s","description":"H2O cluster version"},{"__meta":{"schema_version":-1,"schema_name":"ColumnSpecsBase","schema_type":"Iced"},"name":"h2o_cluster_version_age","type":"string","format":"%s","description":"H2O cluster version age"},{"__meta":{"schema_version":-1,"schema_name":"ColumnSpecsBase","schema_type":"Iced"},"name":"h2o_cluster_name","type":"string","format":"%s","description":"H2O cluster name"},{"__meta":{"schema_version":-1,"schema_name":"ColumnSpecsBase","schema_type":"Iced"},"name":"h2o_cluster_total_nodes","type":"int","format":"%d","description":"H2O cluster total nodes"},{"__meta":{"schema_version":-1,"schema_name":"ColumnSpecsBase","schema_type":"Iced"},"name":"h2o_cluster_free_memory","type":"long","format":"%d","description":"H2O cluster free memory"},{"__meta":{"schema_version":-1,"schema_name":"ColumnSpecsBase","schema_type":"Iced"},"name":"h2o_cluster_total_cores","type":"int","format":"%d","description":"H2O cluster total cores"},{"__meta":{"schema_version":-1,"schema_name":"ColumnSpecsBase","schema_type":"Iced"},"name":"h2o_cluster_allowed_cores","type":"int","format":"%d","description":"H2O cluster allowed cores"},{"__meta":{"schema_version":-1,"schema_name":"ColumnSpecsBase","schema_type":"Iced"},"name":"h2o_cluster_status","type":"string","format":"%s","description":"H2O cluster status"},{"__meta":{"schema_version":-1,"schema_name":"ColumnSpecsBase","schema_type":"Iced"},"name":"h2o_internal_security","type":"string","format":"%s","description":"H2O internal security"},{"__meta":{"schema_version":-1,"schema_name":"ColumnSpecsBase","schema_type":"Iced"},"name":"h2o_api_extensions","type":"string","format":"%s","description":"H2O API Extensions"}],"rowcount":1,"data":[[""],[177727064],["Europe/London"],["UTC"],["3.36.0.2"],["3 months and 2 days"],["H2O_started_from_R_alakob_ipr110"],[1],[32162360635],[80],[80],["locked, healthly"],["false"],["Amazon S3, XGBoost, Algos, Infogram, AutoML, Core V3, TargetEncoder, Core V4"]]},{"__meta":{"schema_version":3,"schema_name":"TwoDimTableV3","schema_type":"TwoDimTable"},"name":"Input Frames Information","description":"","columns":[{"__meta":{"schema_version":-1,"schema_name":"ColumnSpecsBase","schema_type":"Iced"},"name":"","type":"string","format":"%s","description":""},{"__meta":{"schema_version":-1,"schema_name":"ColumnSpecsBase","schema_type":"Iced"},"name":"input_frame","type":"string","format":"%s","description":"Input Frame"},{"__meta":{"schema_version":-1,"schema_name":"ColumnSpecsBase","schema_type":"Iced"},"name":"checksum","type":"long","format":"%d","description":"Checksum"},{"__meta":{"schema_version":-1,"schema_name":"ColumnSpecsBase","schema_type":"Iced"},"name":"espc","type":"string","format":"%d","description":"ESPC"}],"rowcount":3,"data":[["","",""],["training_frame","validation_frame","calibration_frame"],[-6522480315932840084,-1,-1],["[0, 826]","-1","-1"]]}],"training_metrics":{"__meta":{"schema_version":3,"schema_name":"ModelMetricsRegressionV3","schema_type":"ModelMetricsRegression"},"model":{"__meta":{"schema_version":3,"schema_name":"ModelKeyV3","schema_type":"Key<Model>"},"name":"DRF_1_AutoML_1_20220428_141256","type":"Key<Model>","URL":"/3/Models/DRF_1_AutoML_1_20220428_141256"},"model_checksum":1577894069400258480,"frame":{"__meta":{"schema_version":3,"schema_name":"FrameKeyV3","schema_type":"Key<Frame>"},"name":"AutoML_1_20220428_141256_training_RTMPNA_8","type":"Key<Frame>","URL":"/3/Frames/AutoML_1_20220428_141256_training_RTMPNA_8"},"frame_checksum":-6522480315932840084,"description":"Metrics reported on Out-Of-Bag training samples","model_category":"Regression","scoring_time":1651151603488,"predictions":null,"MSE":0.7802049432669552,"RMSE":0.8832921052896121,"nobs":826,"custom_metric_name":null,"custom_metric_value":0.0,"r2":0.9757773682339271,"mean_residual_deviance":0.7802049432669552,"mae":0.44752533971416286,"rmsle":0.0646254516140799},"validation_metrics":null,"cross_validation_metrics":{"__meta":{"schema_version":3,"schema_name":"ModelMetricsRegressionV3","schema_type":"ModelMetricsRegression"},"model":{"__meta":{"schema_version":3,"schema_name":"ModelKeyV3","schema_type":"Key<Model>"},"name":"DRF_1_AutoML_1_20220428_141256","type":"Key<Model>","URL":"/3/Models/DRF_1_AutoML_1_20220428_141256"},"model_checksum":1577894069400258480,"frame":{"__meta":{"schema_version":3,"schema_name":"FrameKeyV3","schema_type":"Key<Frame>"},"name":"AutoML_1_20220428_141256_training_RTMPNA_8","type":"Key<Frame>","URL":"/3/Frames/AutoML_1_20220428_141256_training_RTMPNA_8"},"frame_checksum":-6522480315932840084,"description":"10-fold cross-validation on training data (Metrics computed for combined holdout predictions)","model_category":"Regression","scoring_time":1651151603491,"predictions":null,"MSE":0.6927307097184957,"RMSE":0.8323044573462861,"nobs":826,"custom_metric_name":null,"custom_metric_value":0.0,"r2":0.9784931369131044,"mean_residual_deviance":0.6927307097184957,"mae":0.42889782073105737,"rmsle":0.06683029065941569},"cross_validation_metrics_summary":{"__meta":{"schema_version":3,"schema_name":"TwoDimTableV3","schema_type":"TwoDimTable"},"name":"Cross-Validation Metrics Summary","description":"","columns":[{"__meta":{"schema_version":-1,"schema_name":"ColumnSpecsBase","schema_type":"Iced"},"name":"","type":"string","format":"%s","description":""},{"__meta":{"schema_version":-1,"schema_name":"ColumnSpecsBase","schema_type":"Iced"},"name":"mean","type":"float","format":"%f","description":"mean"},{"__meta":{"schema_version":-1,"schema_name":"ColumnSpecsBase","schema_type":"Iced"},"name":"sd","type":"float","format":"%f","description":"sd"},{"__meta":{"schema_version":-1,"schema_name":"ColumnSpecsBase","schema_type":"Iced"},"name":"cv_1_valid","type":"float","format":"%f","description":"cv_1_valid"},{"__meta":{"schema_version":-1,"schema_name":"ColumnSpecsBase","schema_type":"Iced"},"name":"cv_2_valid","type":"float","format":"%f","description":"cv_2_valid"},{"__meta":{"schema_version":-1,"schema_name":"ColumnSpecsBase","schema_type":"Iced"},"name":"cv_3_valid","type":"float","format":"%f","description":"cv_3_valid"},{"__meta":{"schema_version":-1,"schema_name":"ColumnSpecsBase","schema_type":"Iced"},"name":"cv_4_valid","type":"float","format":"%f","description":"cv_4_valid"},{"__meta":{"schema_version":-1,"schema_name":"ColumnSpecsBase","schema_type":"Iced"},"name":"cv_5_valid","type":"float","format":"%f","description":"cv_5_valid"},{"__meta":{"schema_version":-1,"schema_name":"ColumnSpecsBase","schema_type":"Iced"},"name":"cv_6_valid","type":"float","format":"%f","description":"cv_6_valid"},{"__meta":{"schema_version":-1,"schema_name":"ColumnSpecsBase","schema_type":"Iced"},"name":"cv_7_valid","type":"float","format":"%f","description":"cv_7_valid"},{"__meta":{"schema_version":-1,"schema_name":"ColumnSpecsBase","schema_type":"Iced"},"name":"cv_8_valid","type":"float","format":"%f","description":"cv_8_valid"},{"__meta":{"schema_version":-1,"schema_name":"ColumnSpecsBase","schema_type":"Iced"},"name":"cv_9_valid","type":"float","format":"%f","description":"cv_9_valid"},{"__meta":{"schema_version":-1,"schema_name":"ColumnSpecsBase","schema_type":"Iced"},"name":"cv_10_valid","type":"float","format":"%f","description":"cv_10_valid"}],"rowcount":7,"data":[["mae","mean_residual_deviance","mse","r2","residual_deviance","rmse","rmsle"],[0.42685458,0.69683677,0.69683677,0.9779096,0.69683677,0.8076815,0.05816361],[0.07479965,0.38358283,0.38358283,0.012908636,0.38358283,0.22232936,0.03244396],[0.46633384,0.6266907,0.6266907,0.9822133,0.6266907,0.79163796,0.070975274],[0.39609134,0.39170977,0.39170977,0.98854953,0.39170977,0.6258672,0.03262474],[0.33068702,0.33501822,0.33501822,0.99060786,0.33501822,0.5788076,0.026697166],[0.33371848,0.5089241,0.5089241,0.9856487,0.5089241,0.71338916,0.060684502],[0.3903468,0.41973156,0.41973156,0.98504585,0.41973156,0.64786696,0.041836407],[0.49132466,1.028602,1.028602,0.96388113,1.028602,1.0142002,0.052871864],[0.47202864,0.73674583,0.73674583,0.97699445,0.73674583,0.85833895,0.061588936],[0.4920744,1.2610278,1.2610278,0.95605296,1.2610278,1.122955,0.060793195],[0.3550939,0.32115003,0.32115003,0.98926765,0.32115003,0.566701,0.033352707],[0.5408468,1.3387675,1.3387675,0.9608349,1.3387675,1.1570512,0.14021128]]},"status":null,"start_time":1651151601976,"end_time":1651151603490,"run_time":1514,"default_threshold":0.5,"help":{"domains":"Domains for categorical columns", "__meta":"Metadata on this schema instance, to make it self-describing.", "help":"Help information for output fields", "training_metrics":"Training data model metrics", "cross_validation_models":"Cross-validation models (model ids)", "cross_validation_predictions":"Cross-validation predictions, one per cv model (deprecated, use cross_validation_holdout_predictions_frame_id instead)", "cross_validation_metrics_summary":"Cross-validation model metrics summary", "status":"Job status", "reproducibility_information_table":"Model reproducibility information", "variable_importances":"Variable Importances", "model_summary":"Model summary", "end_time":"End time in milliseconds", "names":"Column names", "cross_validation_fold_assignment_frame_id":"Cross-validation fold assignment (each row is assigned to one holdout fold)", "run_time":"Runtime in milliseconds", "default_threshold":"Default threshold used for predictions", "scoring_history":"Scoring history", "cross_validation_holdout_predictions_frame_id":"Cross-validation holdout predictions (full out-of-sample predictions on training data)", "init_f":"The Intercept term, the initial model function value to which trees make adjustments", "model_category":"Category of the model (e.g., Binomial)", "column_types":"Column types", "original_names":"Original column names", "start_time":"Start time in milliseconds", "cv_scoring_history":"Cross-Validation scoring history", "cross_validation_metrics":"Cross-validation model metrics", "validation_metrics":"Validation data model metrics"},"variable_importances":{"__meta":{"schema_version":3,"schema_name":"TwoDimTableV3","schema_type":"TwoDimTable"},"name":"Variable Importances","description":"","columns":[{"__meta":{"schema_version":-1,"schema_name":"ColumnSpecsBase","schema_type":"Iced"},"name":"variable","type":"string","format":"%s","description":"Variable"},{"__meta":{"schema_version":-1,"schema_name":"ColumnSpecsBase","schema_type":"Iced"},"name":"relative_importance","type":"double","format":"%5f","description":"Relative Importance"},{"__meta":{"schema_version":-1,"schema_name":"ColumnSpecsBase","schema_type":"Iced"},"name":"scaled_importance","type":"double","format":"%5f","description":"Scaled Importance"},{"__meta":{"schema_version":-1,"schema_name":"ColumnSpecsBase","schema_type":"Iced"},"name":"percentage","type":"double","format":"%5f","description":"Percentage"}],"rowcount":26,"data":[["prochloraceae","lat","po4_darwin_clim","dop_darwin_clim","lon","prochlorococcus_marinus","prokaryote_c01_darwin_clim","code_MONS","no3_darwin_clim","fe_t_darwin_clim","flavobacteriaceae","pelagibacteraceae","depth","section_id_AMT28","sample_method_underway","section_id_I07N","code_NASW","sample_method_CTD","section_id_I09N","section_id_P18","code_SATL","code_WTRA","section_id_C13.5.A13.5","species_number","family_number","myoviridae"],[224623.734375,191282.875,141727.296875,63263.17578125,49432.65234375,48052.47265625,41874.984375,39197.91015625,21420.853515625,18815.470703125,15543.546875,3531.793701171875,3294.01806640625,2209.9365234375,1873.2100830078125,1754.6593017578125,1525.3125,1403.6669921875,1262.8790283203125,1243.06591796875,1067.6761474609375,1011.6361694335938,763.577880859375,715.9530639648438,606.7139892578125,214.00794982910156],[1.0,0.8515701848347921,0.6309542367343611,0.2816406554600092,0.22006869612996569,0.2139242889445885,0.1864227949531435,0.1745047568784994,0.09536326860216728,0.0837643927320403,0.06919815004522493,0.015723154594499314,0.014664603789851627,0.009838392766403317,0.008339323928612842,0.007811548973842994,0.0067905224006896536,0.006248970065844139,0.005622197635678109,0.005533991861668113,0.004753176018694874,0.004503692240040445,0.00339936419890791,0.0031873437860737808,0.0027010235180443074,9.527397023496376E-4],[0.25591931976488425,0.21793326243497677,0.16147337906782944,0.07207728496346169,0.05631983101512583,0.05474735850788564,0.04770919487307699,0.044659138676082066,0.024405302831222594,0.021436926408502366,0.01770914348856236,0.004023859028382379,0.0037529554265203716,0.0025178347843576947,0.002134194107109621,0.0019991262996959785,0.001737825873632705,0.001599232168481956,0.0014388289945064822,0.001416255432822509,0.001216429573427153,0.0011525818545015387,8.69962973417613E-4,8.157028535888327E-4,6.912441014068537E-4,2.4382449653831756E-4]]},"init_f":0.0},"compatible_frames":null}
